,acc,acc_p,acc_w,auc,auc_p,auc_w,augmentation,date,iterations,kfold_id,komentar,modality,model,name,normalization,num_of_data,size
0,0.7448979591836735,0.6734693877551021,0.2653061224489796,0.5086580086580087,0.5324675324675324,0.5151515151515151,False,2019-03-20,1000,,,['t2tsetra/t/40x40x1/'],siamese,t2tsetra_40x40x1_30090,ScaleNormalization,323,40x40x1
1,0.7959183673469388,0.7244897959183674,0.2959183673469388,0.5757575757575757,0.5649350649350648,0.551948051948052,False,2019-03-20,2000,,,['t2tsetra/t/40x40x1/'],siamese,t2tsetra_40x40x1_24089,ScaleNormalization,323,40x40x1
2,0.8061224489795918,0.7551020408163265,0.3877551020408163,0.6515151515151515,0.7402597402597404,0.593073593073593,False,2019-03-20,3000,,,['t2tsetra/t/40x40x1/'],siamese,t2tsetra_40x40x1_51626,ScaleNormalization,323,40x40x1
3,0.7551020408163265,0.6836734693877551,0.3979591836734694,0.5497835497835498,0.6428571428571428,0.5995670995670995,False,2019-03-20,4000,,,['t2tsetra/t/40x40x1/'],siamese,t2tsetra_40x40x1_96379,ScaleNormalization,323,40x40x1
4,0.7755102040816326,0.7040816326530612,0.3979591836734694,0.5974025974025974,0.6731601731601732,0.5476190476190477,False,2019-03-20,1000,,,['adc/t/40x40x1/'],siamese,adc_40x40x1_72631,ScaleNormalization,324,40x40x1
5,0.7959183673469388,0.7755102040816326,0.5408163265306123,0.6623376623376622,0.7012987012987013,0.6385281385281385,False,2019-03-20,2000,,,['adc/t/40x40x1/'],siamese,adc_40x40x1_18731,ScaleNormalization,324,40x40x1
6,0.7040816326530612,0.6836734693877551,0.5102040816326531,0.6212121212121212,0.6601731601731602,0.5844155844155845,False,2019-03-20,3000,,,['adc/t/40x40x1/'],siamese,adc_40x40x1_86012,ScaleNormalization,324,40x40x1
7,0.7959183673469388,0.7244897959183674,0.2857142857142857,0.5411255411255412,0.6168831168831169,0.5454545454545454,Elastic,2019-03-20,1000,,,"['adc/t/40x40x1/', 't2tsetra/t/40x40x1']",siamese,t2tsetra_adc_40x40x1_36217,ScaleNormalization,4098,40x40x1
8,0.7755102040816326,0.7142857142857143,0.2551020408163265,0.5108225108225108,0.5757575757575757,0.5086580086580087,Elastic,2019-03-20,2000,,,"['adc/t/40x40x1/', 't2tsetra/t/40x40x1']",siamese,t2tsetra_adc_40x40x1_47376,ScaleNormalization,4098,40x40x1
9,0.7959183673469388,0.7448979591836735,0.2551020408163265,0.5238095238095238,0.5952380952380952,0.4913419913419914,Elastic,2019-03-20,2500,,,"['adc/t/40x40x1/', 't2tsetra/t/40x40x1']",siamese,t2tsetra_adc_40x40x1_62224,ScaleNormalization,4098,40x40x1
10,0.7653061224489796,0.6938775510204082,0.3163265306122449,0.5216450216450217,0.5454545454545455,0.5303030303030303,False,2019-03-20,1000,,,"['adc/t/40x40x1/', 't2tsetra/t/40x40x1']",siamese,t2tsetra_adc_40x40x1_87634,ScaleNormalization,324,40x40x1
11,0.7653061224489796,0.7857142857142857,0.4693877551020408,0.5562770562770563,0.6558441558441559,0.5930735930735931,False,2019-03-20,2000,,,"['adc/t/40x40x1/', 't2tsetra/t/40x40x1']",siamese,t2tsetra_adc_40x40x1_45058,ScaleNormalization,324,40x40x1
12,0.7653061224489796,0.7244897959183674,0.32653061224489793,0.4870129870129871,0.5303030303030303,0.5021645021645021,False,2019-03-21,2000,,,['t2tsetra/t/28x28x1'],siamese,t2tsetra_28x28x1_49510,ScaleNormalization,324,28x28x1
13,0.7653061224489796,0.6836734693877551,0.2857142857142857,0.5735930735930737,0.5562770562770563,0.5281385281385281,False,2019-03-21,1000,,,['t2tsetra/t/28x28x1'],siamese,t2tsetra_28x28x1_72503,ScaleNormalization,324,28x28x1
14,0.7448979591836735,0.6734693877551021,0.3163265306122449,0.5086580086580087,0.5151515151515151,0.4783549783549783,False,2019-03-21,3000,,,['t2tsetra/t/28x28x1'],siamese,t2tsetra_28x28x1_18510,ScaleNormalization,324,28x28x1
15,0.7653061224489796,0.7346938775510204,0.2653061224489796,0.4870129870129871,0.5194805194805194,0.4978354978354978,False,2019-03-21,700,,,['t2tsetra/t/28x28x1'],siamese,t2tsetra_28x28x1_50263,ScaleNormalization,324,28x28x1
16,0.7448979591836735,0.6530612244897959,0.33673469387755106,0.5086580086580087,0.5021645021645023,0.4913419913419913,False,2019-03-21,1000,,,['adc/t/28x28x1'],siamese,adc_28x28x1_93210,ScaleNormalization,324,28x28x1
17,0.8265306122448979,0.7346938775510204,0.4183673469387755,0.6471861471861471,0.6060606060606061,0.5606060606060606,False,2019-03-21,2000,,,['adc/t/28x28x1'],siamese,adc_28x28x1_41781,ScaleNormalization,324,28x28x1
18,0.7959183673469388,0.7755102040816326,0.4591836734693878,0.6103896103896104,0.6493506493506493,0.5865800865800865,False,2019-03-21,2500,,,['adc/t/28x28x1'],siamese,adc_28x28x1_58531,ScaleNormalization,324,28x28x1
19,0.6391752577319587,0.6391752577319587,0.6804123711340206,0.5225456621004566,0.5225456621004566,0.5499429223744293,Rigid,2019-03-22,2500,,,['t2tsetra/t/30x30x1'],siamese,t2tsetra_30x30x1_75190,ScaleNormalization,4000,30x30x1
20,0.7010309278350515,0.7010309278350515,0.6597938144329897,0.521689497716895,0.521689497716895,0.5781963470319635,Rigid,2019-03-22,5000,,,['t2tsetra/t/30x30x1'],siamese,t2tsetra_30x30x1_55939,ScaleNormalization,4000,30x30x1
21,0.6804123711340206,0.6804123711340206,0.6907216494845361,0.535958904109589,0.535958904109589,0.5148401826484018,Rigid,2019-03-22,2000,,,['t2tsetra/t/30x30x1'],siamese,t2tsetra_30x30x1_79413,ScaleNormalization,4000,30x30x1
22,0.6701030927835051,0.6701030927835051,0.6597938144329897,0.5291095890410958,0.5291095890410958,0.5781963470319635,Rigid,2019-03-22,4000,,,['t2tsetra/t/30x30x1'],siamese,t2tsetra_30x30x1_45072,ScaleNormalization,4000,30x30x1
23,0.7525773195876289,0.7319587628865979,0.38144329896907214,0.5839041095890412,0.6541095890410958,0.5051369863013699,False,2019-03-24,1000,,,"['t2tsetra/t/40x40x1', 'adc/t/40x40x1', 'ktrans/t/40x40x1']",siamese,ktrans_a_40x40x1_53880,ScaleNormalization,323,40x40x1
24,0.7319587628865979,0.7216494845360825,0.42268041237113396,0.5422374429223745,0.5913242009132421,0.5325342465753424,False,2019-03-24,700,,,"['t2tsetra/t/40x40x1', 'adc/t/40x40x1', 'ktrans/t/40x40x1']",siamese,ktrans_a_40x40x1_12959,ScaleNormalization,323,40x40x1
25,0.7422680412371134,0.6597938144329897,0.31958762886597936,0.5630707762557077,0.5642123287671234,0.5339611872146118,False,2019-03-24,1000,,,"['adc/t/40x40x1', 't2tsetra/t/40x40x1', 'ktrans/t/40x40x1']",siamese,ktrans_t_40x40x1_76025,ScaleNormalization,323,40x40x1
26,0.7525773195876289,0.7422680412371134,0.3505154639175257,0.5559360730593608,0.6190068493150686,0.4845890410958904,False,2019-03-24,1000,,,"['adc/t/40x40x1', 't2tsetra/t/40x40x1']",siamese,t2tsetra_adc_40x40x1_89872,ScaleNormalization,323,40x40x1
27,0.7319587628865979,0.711340206185567,0.5670103092783505,0.5562214611872146,0.5984589041095889,0.6004566210045662,False,2019-03-24,2000,,,"['adc/t/40x40x1', 't2tsetra/t/40x40x1']",siamese,t2tsetra_adc_40x40x1_61634,ScaleNormalization,323,40x40x1
28,0.711340206185567,0.6907216494845361,0.6804123711340206,0.5704908675799087,0.5567922374429224,0.6757990867579908,False,2019-03-24,3000,,,"['adc/t/40x40x1', 't2tsetra/t/40x40x1']",siamese,t2tsetra_adc_40x40x1_92623,ScaleNormalization,323,40x40x1
29,0.7216494845360825,0.6804123711340206,0.4948453608247423,0.5353881278538813,0.5499429223744293,0.608447488584475,False,2019-03-24,1500,,,['adc/t/40x40x1'],siamese,adc_40x40x1_41784,ScaleNormalization,323,40x40x1
30,0.7525773195876289,0.7216494845360825,0.38144329896907214,0.6118721461187214,0.6612442922374429,0.5331050228310503,False,2019-03-24,1000,,,['adc/t/40x40x1'],siamese,adc_40x40x1_16826,ScaleNormalization,323,40x40x1
31,0.711340206185567,0.7010309278350515,0.3711340206185567,0.5005707762557077,0.6055936073059361,0.5262557077625571,False,2019-03-24,700,,,['adc/t/40x40x1'],siamese,adc_40x40x1_27456,ScaleNormalization,323,40x40x1
32,0.7319587628865979,0.7216494845360825,0.32989690721649484,0.4863013698630137,0.5493721461187214,0.5547945205479452,False,2019-03-24,700,,,['adc/t/20x20x1'],siamese,adc_20x20x1_25798,ScaleNormalization,323,20x20x1
33,0.7422680412371134,0.7010309278350515,0.3505154639175257,0.5211187214611872,0.521689497716895,0.4985730593607306,False,2019-03-24,1000,,,['adc/t/20x20x1'],siamese,adc_20x20x1_97422,ScaleNormalization,323,20x20x1
34,0.711340206185567,0.6907216494845361,0.4329896907216495,0.514554794520548,0.5987442922374431,0.5813356164383562,False,2019-03-25,1000,,,['adc/t/40x40x1'],siamese,adc_40x40x1_68111,ScaleNormalization,323,40x40x1
35,0.7216494845360825,0.6494845360824743,0.3608247422680412,0.5074200913242009,0.54337899543379,0.533390410958904,False,2019-03-25,1000,,,['adc/t/40x40x1'],siamese,adc_40x40x1_90343,ScaleNormalization,187,40x40x1
36,0.8421052631578947,0.8070175438596491,0.4912280701754386,0.6466836734693877,0.6262755102040816,0.6517857142857143,False,2019-03-26,1000,,,"['t2tsetra/t/40x40x1', 'adc/t/40x40x1', 'ktrans/t/40x40x1']",siamese,ktrans_a_40x40x1_82320,ScaleNormalization,187,40x40x1
37,0.8771929824561403,0.8245614035087719,0.2456140350877193,0.6670918367346939,0.6364795918367346,0.5612244897959184,False,2019-04-01,1000,,,"['t2tsetra/t/40x40x1', 'adc/t/40x40x1', 'ktrans/t/40x40x1']",siamese,t2tsetra_adc_ktrans_40x40x1_57659,ScaleNormalization,187,40x40x1
38,0.8596491228070176,0.8070175438596491,0.3684210526315789,0.6568877551020409,0.6262755102040816,0.5803571428571428,False,2019-04-01,1500,,,"['t2tsetra/t/40x40x1', 'adc/t/40x40x1', 'ktrans/t/40x40x1']",siamese,t2tsetra_adc_ktrans_40x40x1_33731,ScaleNormalization,187,40x40x1
39,0.8771929824561403,0.8421052631578947,0.19298245614035087,0.5625,0.6466836734693877,0.5306122448979591,False,2019-04-01,1000,,,['adc/t/40x40x1'],siamese,adc_40x40x1_53594,ScaleNormalization,187,40x40x1
40,0.8596491228070176,0.7368421052631579,0.15789473684210525,0.5522959183673469,0.5854591836734694,0.5102040816326531,False,2019-04-01,1500,,,['adc/t/40x40x1'],siamese,adc_40x40x1_45678,ScaleNormalization,187,40x40x1
41,0.8596491228070176,0.8596491228070176,0.3508771929824561,0.5,0.5,0.6224489795918368,Rigid,2019-04-01,1500,,,"['adc/t/40x40x1', 't2tsetra/t/40x40x1', 'ktrans/t/40x40x1']",siamese,adc_t2tsetra_ktrans_40x40x1_40059,ScaleNormalization,2500,40x40x1
42,0.7528089887640449,0.7415730337078652,0.3258426966292135,0.5360902255639098,0.6631578947368422,0.5522556390977443,False,2019-04-06,1000,,,['adc/a/20x20x1'],siamese,adc_20x20x1_78399,ScaleNormalization,296,20x20x1
43,0.7640449438202247,0.7078651685393258,0.34831460674157305,0.5432330827067671,0.5075187969924813,0.5665413533834586,False,2019-04-06,1000,,,['adc/t/20x20x1'],siamese,adc_20x20x1_32844,ScaleNormalization,296,20x20x1
44,0.7528089887640449,0.7528089887640449,0.3258426966292135,0.5169172932330827,0.631954887218045,0.5139097744360902,False,2019-04-06,1000,,,['adc/t/20x20x1'],siamese,adc_20x20x1_98058,ScaleNormalization,296,20x20x1
45,0.7865168539325843,0.7752808988764045,0.3258426966292135,0.5575187969924812,0.6845864661654134,0.5139097744360902,False,2019-04-06,1000,,,"['adc/t/20x20x1', 't2tsetra/t/20x20x1', 'ktrans/t/20x20x1']",xmass,adc_t2tsetra_ktrans_20x20x1_12759,ScaleNormalization,296,20x20x1
46,0.7640449438202247,0.7191011235955056,0.39325842696629215,0.5432330827067671,0.6105263157894737,0.5375939849624061,False,2019-04-06,1500,,,"['adc/t/20x20x1', 't2tsetra/t/20x20x1', 'ktrans/t/20x20x1']",xmass,adc_t2tsetra_ktrans_20x20x1_37047,ScaleNormalization,296,20x20x1
47,0.797752808988764,0.7528089887640449,0.3258426966292135,0.5454887218045112,0.5744360902255639,0.5714285714285714,False,2019-04-06,1000,,,"['adc/t/20x20x1', 't2tsetra/t/20x20x1']",xmass,adc_t2tsetra_20x20x1_10921,ScaleNormalization,296,20x20x1
48,0.8202247191011236,0.7303370786516854,0.3258426966292135,0.6172932330827068,0.6560150375939848,0.5330827067669173,False,2019-04-06,1000,,,"['adc/t/20x20x1', 't2tsetra/t/20x20x1']",xmass,adc_t2tsetra_20x20x1_19040,ScaleNormalization,296,20x20x1
49,0.7752808988764045,0.6966292134831461,0.25842696629213485,0.4928571428571429,0.5003759398496241,0.4518796992481203,False,2019-04-06,1000,,,"['adc/s/20x20x1', 't2tsetra/s/20x20x1']",xmass,adc_t2tsetra_20x20x1_26758,ScaleNormalization,296,20x20x1
50,0.7640449438202247,0.7191011235955056,0.2808988764044944,0.5048872180451128,0.5721804511278196,0.4853383458646616,False,2019-04-06,1000,,,"['adc/s/20x20x1', 't2tsetra/s/20x20x1']",xmass,adc_t2tsetra_20x20x1_73093,ScaleNormalization,296,20x20x1
51,0.7415730337078652,0.6629213483146067,0.3258426966292135,0.4906015037593985,0.4789473684210527,0.5139097744360902,False,2019-04-06,1000,,,"['adc/a/20x20x1', 't2tsetra/a/20x20x1']",xmass,adc_t2tsetra_20x20x1_69066,ScaleNormalization,296,20x20x1
52,0.7865168539325843,0.7528089887640449,0.4157303370786517,0.5766917293233083,0.6511278195488721,0.5710526315789474,False,2019-04-06,1000,,,"['adc/a/20x20x1', 't2tsetra/a/20x20x1']",xmass,adc_t2tsetra_20x20x1_15279,ScaleNormalization,296,20x20x1
53,0.7272727272727273,0.696969696969697,0.2727272727272727,0.4675324675324675,0.512987012987013,0.5162337662337663,False,2019-04-11,200,39849.0,,"['adc/a/20x20x1', 't2tsetra/a/20x20x1']",xmass,adc_t2tsetra_20x20x1_44816,ScaleNormalization,296,20x20x1
54,0.7373737373737373,0.6060606060606061,0.31313131313131315,0.5008333333333334,0.4283333333333333,0.5325000000000001,False,2019-04-11,200,39849.0,,"['adc/a/20x20x1', 't2tsetra/a/20x20x1']",xmass,adc_t2tsetra_20x20x1_75801,ScaleNormalization,296,20x20x1
55,0.7142857142857143,0.6122448979591837,0.3163265306122449,0.4794520547945206,0.4504109589041097,0.5016438356164383,False,2019-04-11,200,39849.0,,"['adc/a/20x20x1', 't2tsetra/a/20x20x1']",xmass,adc_t2tsetra_20x20x1_69485,ScaleNormalization,296,20x20x1
56,0.7474747474747475,0.6565656565656566,0.4444444444444444,0.4967532467532467,0.4545454545454545,0.6103896103896104,False,2019-04-11,200,87907.0,,"['adc/a/20x20x1', 't2tsetra/a/20x20x1']",xmass,adc_t2tsetra_20x20x1_23981,ScaleNormalization,296,20x20x1
57,0.7676767676767676,0.7272727272727273,0.3232323232323233,0.5208333333333334,0.5366666666666666,0.4966666666666667,False,2019-04-11,200,87907.0,,"['adc/a/20x20x1', 't2tsetra/a/20x20x1']",xmass,adc_t2tsetra_20x20x1_33369,ScaleNormalization,296,20x20x1
58,0.7346938775510204,0.6734693877551021,0.3673469387755102,0.5063013698630137,0.5178082191780822,0.5227397260273973,False,2019-04-11,200,87907.0,,"['adc/a/20x20x1', 't2tsetra/a/20x20x1']",xmass,adc_t2tsetra_20x20x1_60444,ScaleNormalization,296,20x20x1
59,,,,,,,False,2019-04-11,200,19399.0,,"['adc/a/20x20x1', 't2tsetra/a/20x20x1']",xmass,adc_t2tsetra_20x20x1_67378,ScaleNormalization,296,20x20x1
60,,,,,,,False,2019-04-11,200,17244.0,,"['adc/a/20x20x1', 't2tsetra/a/20x20x1']",xmass,adc_t2tsetra_20x20x1_86877,ScaleNormalization,296,20x20x1
61,,,,,,,False,2019-04-11,200,59765.0,,"['adc/a/20x20x1', 't2tsetra/a/20x20x1']",xmass,adc_t2tsetra_20x20x1_89062,ScaleNormalization,296,20x20x1
62,0.7272727272727273,0.7070707070707071,0.2727272727272727,0.4675324675324675,0.5194805194805195,0.4837662337662338,False,2019-04-11,200,52709.0,,"['adc/a/20x20x1', 't2tsetra/a/20x20x1']",xmass,adc_t2tsetra_20x20x1_86718,ScaleNormalization,296,20x20x1
63,0.7575757575757576,0.7474747474747475,0.30303030303030304,0.5141666666666668,0.5783333333333334,0.5116666666666667,False,2019-04-11,200,52709.0,,"['adc/a/20x20x1', 't2tsetra/a/20x20x1']",xmass,adc_t2tsetra_20x20x1_13696,ScaleNormalization,296,20x20x1
64,0.7346938775510204,0.6632653061224489,0.32653061224489793,0.4931506849315068,0.4715068493150685,0.5216438356164385,False,2019-04-11,200,52709.0,,"['adc/a/20x20x1', 't2tsetra/a/20x20x1']",xmass,adc_t2tsetra_20x20x1_92513,ScaleNormalization,296,20x20x1
65,0.7314814814814815,0.7407407407407407,0.3888888888888889,0.5439897698209719,0.629156010230179,0.5959079283887468,False,2019-04-11,1500,37356.0,,"['adc/t/40x40x1', 't2tsetra/t/40x40x1', 'ktrans/t/40x40x1']",xmass,adc_t2tsetra_ktrans_40x40x1_24314,ScaleNormalization,323,40x40x1
66,0.7592592592592593,0.6944444444444444,0.3796296296296297,0.5359036144578314,0.5356626506024097,0.5824096385542168,False,2019-04-11,1500,37356.0,,"['adc/t/40x40x1', 't2tsetra/t/40x40x1', 'ktrans/t/40x40x1']",xmass,adc_t2tsetra_ktrans_40x40x1_93316,ScaleNormalization,323,40x40x1
67,0.7570093457943925,0.7289719626168224,0.514018691588785,0.5818264014466545,0.5974231464737794,0.5671338155515371,False,2019-04-11,1500,37356.0,,"['adc/t/40x40x1', 't2tsetra/t/40x40x1', 'ktrans/t/40x40x1']",xmass,adc_t2tsetra_ktrans_40x40x1_24136,ScaleNormalization,323,40x40x1
68,0.7592592592592593,0.7037037037037037,0.3333333333333333,0.5616368286445013,0.6056265984654732,0.5447570332480819,Rigid,2019-04-11,1500,51107.0,,"['adc/t/40x40x1', 't2tsetra/t/40x40x1', 'ktrans/t/40x40x1']",xmass,adc_t2tsetra_ktrans_40x40x1_13183,ScaleNormalization,323,40x40x1
69,0.7685185185185185,0.7129629629629629,0.3240740740740741,0.5279518072289158,0.5616867469879518,0.5462650602409638,Rigid,2019-04-11,1500,51107.0,,"['adc/t/40x40x1', 't2tsetra/t/40x40x1', 'ktrans/t/40x40x1']",xmass,adc_t2tsetra_ktrans_40x40x1_48177,ScaleNormalization,323,40x40x1
70,0.7777777777777778,0.7314814814814815,0.25,0.5258312020460358,0.6074168797953964,0.5235294117647059,False,2019-04-12,1000,21295.0,,['t2tsetra/t/40x40x1'],xmass,t2tsetra_40x40x1_44045,ScaleNormalization,323,40x40x1
71,0.7407407407407407,0.6759259259259259,0.2407407407407408,0.4959036144578313,0.5375903614457831,0.4780722891566265,False,2019-04-12,1000,21295.0,,['t2tsetra/t/40x40x1'],xmass,t2tsetra_40x40x1_12263,ScaleNormalization,323,40x40x1
72,0.7383177570093458,0.6635514018691588,0.2616822429906542,0.5230560578661845,0.4954792043399638,0.4654159132007234,False,2019-04-12,1000,21295.0,,['t2tsetra/t/40x40x1'],xmass,t2tsetra_40x40x1_28714,ScaleNormalization,323,40x40x1
73,0.7538461538461538,0.6923076923076923,0.3230769230769231,0.5420918367346939,0.5433673469387755,0.5510204081632653,False,2019-04-12,1000,57174.0,,['t2tsetra/t/40x40x1'],xmass,t2tsetra_40x40x1_17248,ScaleNormalization,323,40x40x1
74,0.8461538461538461,0.8,0.18461538461538465,0.5376984126984127,0.6507936507936508,0.5267857142857143,False,2019-04-12,1000,57174.0,,['t2tsetra/t/40x40x1'],xmass,t2tsetra_40x40x1_56894,ScaleNormalization,323,40x40x1
75,0.6307692307692307,0.6307692307692307,0.3692307692307693,0.4767441860465117,0.5100422832980972,0.4788583509513742,False,2019-04-12,1000,57174.0,,['t2tsetra/t/40x40x1'],xmass,t2tsetra_40x40x1_72274,ScaleNormalization,323,40x40x1
76,0.765625,0.625,0.203125,0.4083333333333333,0.33333333333333337,0.575,False,2019-04-12,1000,57174.0,,['t2tsetra/t/40x40x1'],xmass,t2tsetra_40x40x1_83478,ScaleNormalization,323,40x40x1
77,0.625,0.515625,0.453125,0.5271794871794873,0.44461538461538463,0.5441025641025641,False,2019-04-12,1000,57174.0,,['t2tsetra/t/40x40x1'],xmass,t2tsetra_40x40x1_78155,ScaleNormalization,323,40x40x1
78,0.7846153846153846,0.7538461538461538,0.3692307692307693,0.6045918367346939,0.6262755102040816,0.5605867346938775,False,2019-04-13,1000,29033.0,,['adc/t/40x40x1'],xmass,adc_40x40x1_60556,ScaleNormalization,323,40x40x1
79,0.8,0.7692307692307693,0.26153846153846155,0.4642857142857143,0.5863095238095238,0.5248015873015873,False,2019-04-13,1000,29033.0,,['adc/t/40x40x1'],xmass,adc_40x40x1_16437,ScaleNormalization,323,40x40x1
80,0.6307692307692307,0.6923076923076923,0.4307692307692308,0.4878435517970402,0.5898520084566596,0.5364693446088795,False,2019-04-13,1000,29033.0,,['adc/t/40x40x1'],xmass,adc_40x40x1_40928,ScaleNormalization,323,40x40x1
81,0.875,0.765625,0.25,0.5833333333333333,0.7583333333333333,0.6,False,2019-04-13,1000,29033.0,,['adc/t/40x40x1'],xmass,adc_40x40x1_93033,ScaleNormalization,323,40x40x1
82,0.65625,0.6875,0.5,0.56,0.6215384615384616,0.5825641025641026,False,2019-04-13,1000,29033.0,,['adc/t/40x40x1'],xmass,adc_40x40x1_62300,ScaleNormalization,323,40x40x1
83,0.7692307692307693,0.7230769230769231,0.3076923076923077,0.53125,0.5427295918367347,0.5408163265306123,False,2019-04-13,1000,82557.0,,['t2tsetra/t/40x40x1'],xmass,t2tsetra_40x40x1_31743,ScaleNormalization,323,40x40x1
84,0.8307692307692308,0.7692307692307693,0.13846153846153847,0.5287698412698413,0.6795634920634921,0.5,False,2019-04-13,1000,82557.0,,['t2tsetra/t/40x40x1'],xmass,t2tsetra_40x40x1_42104,ScaleNormalization,323,40x40x1
85,0.676923076923077,0.676923076923077,0.3692307692307693,0.5338266384778012,0.5782241014799154,0.5010570824524313,False,2019-04-13,1000,82557.0,,['t2tsetra/t/40x40x1'],xmass,t2tsetra_40x40x1_75478,ScaleNormalization,323,40x40x1
86,0.90625,0.796875,0.15625,0.7166666666666667,0.6583333333333333,0.55,False,2019-04-13,1000,82557.0,,['t2tsetra/t/40x40x1'],xmass,t2tsetra_40x40x1_64376,ScaleNormalization,323,40x40x1
87,0.59375,0.5625,0.390625,0.4943589743589744,0.4902564102564102,0.4784615384615384,False,2019-04-13,1000,82557.0,,['t2tsetra/t/40x40x1'],xmass,t2tsetra_40x40x1_78156,ScaleNormalization,323,40x40x1
88,0.7538461538461538,0.7692307692307693,0.3076923076923077,0.5210459183673469,0.6154336734693877,0.5197704081632653,Rigid,2019-04-13,1000,48439.0,,['adc/t/40x40x1'],xmass,adc_40x40x1_99953,ScaleNormalization,323,40x40x1
89,0.8307692307692308,0.7076923076923077,0.16923076923076924,0.4821428571428572,0.4573412698412699,0.5178571428571428,Rigid,2019-04-13,1000,48439.0,,['adc/t/40x40x1'],xmass,adc_40x40x1_85118,ScaleNormalization,323,40x40x1
90,0.676923076923077,0.6615384615384615,0.4153846153846154,0.5227272727272727,0.5443974630021142,0.5248414376321353,Rigid,2019-04-13,1000,48439.0,,['adc/t/40x40x1'],xmass,adc_40x40x1_99305,ScaleNormalization,323,40x40x1
91,0.765625,0.71875,0.140625,0.4083333333333333,0.6166666666666667,0.5416666666666667,Rigid,2019-04-13,1000,48439.0,,['adc/t/40x40x1'],xmass,adc_40x40x1_81058,ScaleNormalization,323,40x40x1
92,0.609375,0.65625,0.4375,0.5071794871794872,0.5887179487179488,0.5169230769230769,Rigid,2019-04-13,1000,48439.0,,['adc/t/40x40x1'],xmass,adc_40x40x1_36677,ScaleNormalization,323,40x40x1
93,0.7538461538461538,0.7384615384615385,0.4307692307692308,0.5210459183673469,0.5108418367346939,0.5803571428571428,False,2019-04-13,1000,54817.0,,"['adc/t/40x40x1', 't2tsetra/t/40x40x1']",xmass,adc_t2tsetra_40x40x1_23615,ScaleNormalization,323,40x40x1
94,0.8769230769230769,0.8153846153846154,0.16923076923076924,0.5555555555555556,0.5664682539682541,0.5178571428571428,False,2019-04-13,1000,54817.0,,"['adc/t/40x40x1', 't2tsetra/t/40x40x1']",xmass,adc_t2tsetra_40x40x1_46486,ScaleNormalization,323,40x40x1
95,0.6307692307692307,0.6615384615384615,0.4153846153846154,0.4767441860465117,0.5443974630021142,0.5470401691331924,False,2019-04-13,1000,54817.0,,"['adc/t/40x40x1', 't2tsetra/t/40x40x1']",xmass,adc_t2tsetra_40x40x1_79116,ScaleNormalization,323,40x40x1
96,0.9375,0.796875,0.171875,0.5,0.425,0.5583333333333333,False,2019-04-13,1000,54817.0,,"['adc/t/40x40x1', 't2tsetra/t/40x40x1']",xmass,adc_t2tsetra_40x40x1_33443,ScaleNormalization,323,40x40x1
97,0.609375,0.578125,0.5625,0.5071794871794872,0.5102564102564102,0.641025641025641,False,2019-04-13,1000,54817.0,,"['adc/t/40x40x1', 't2tsetra/t/40x40x1']",xmass,adc_t2tsetra_40x40x1_10636,ScaleNormalization,323,40x40x1
98,0.7076923076923077,0.7230769230769231,0.38461538461538464,0.5325255102040816,0.6058673469387755,0.5707908163265306,False,2019-04-13,1000,23796.0,,"['adc/t/40x40x1', 't2tsetra/t/40x40x1', 'ktrans/t/40x40x1']",xmass,adc_t2tsetra_ktrans_40x40x1_51222,ScaleNormalization,323,40x40x1
99,0.8153846153846154,0.7384615384615385,0.26153846153846155,0.5664682539682541,0.6617063492063492,0.5714285714285714,False,2019-04-13,1000,23796.0,,"['adc/t/40x40x1', 't2tsetra/t/40x40x1', 'ktrans/t/40x40x1']",xmass,adc_t2tsetra_ktrans_40x40x1_25563,ScaleNormalization,323,40x40x1
100,0.6461538461538462,0.6615384615384615,0.4461538461538462,0.4994714587737844,0.5443974630021142,0.5813953488372092,False,2019-04-13,1000,23796.0,,"['adc/t/40x40x1', 't2tsetra/t/40x40x1', 'ktrans/t/40x40x1']",xmass,adc_t2tsetra_ktrans_40x40x1_47145,ScaleNormalization,323,40x40x1
101,0.875,0.71875,0.203125,0.7000000000000001,0.7333333333333333,0.575,False,2019-04-13,1000,23796.0,,"['adc/t/40x40x1', 't2tsetra/t/40x40x1', 'ktrans/t/40x40x1']",xmass,adc_t2tsetra_ktrans_40x40x1_74229,ScaleNormalization,323,40x40x1
102,0.609375,0.6875,0.53125,0.5143589743589744,0.6287179487179486,0.557948717948718,False,2019-04-13,1000,23796.0,,"['adc/t/40x40x1', 't2tsetra/t/40x40x1', 'ktrans/t/40x40x1']",xmass,adc_t2tsetra_ktrans_40x40x1_16233,ScaleNormalization,323,40x40x1
103,0.6923076923076923,0.6923076923076923,0.4461538461538462,0.5223214285714286,0.6065051020408163,0.590561224489796,False,2019-04-13,1000,89729.0,,"['t2tsetra/t/40x40x1', 'adc/t/40x40x1', 'ktrans/t/40x40x1']",xmass,t2tsetra_adc_ktrans_40x40x1_72963,ScaleNormalization,323,40x40x1
104,0.8615384615384616,0.7538461538461538,0.2923076923076923,0.5466269841269841,0.6240079365079365,0.5892857142857143,False,2019-04-13,1000,89729.0,,"['t2tsetra/t/40x40x1', 'adc/t/40x40x1', 'ktrans/t/40x40x1']",xmass,t2tsetra_adc_ktrans_40x40x1_44706,ScaleNormalization,323,40x40x1
105,0.6615384615384615,0.6615384615384615,0.5076923076923077,0.5,0.5110993657505285,0.6168076109936576,False,2019-04-13,1000,89729.0,,"['t2tsetra/t/40x40x1', 'adc/t/40x40x1', 'ktrans/t/40x40x1']",xmass,t2tsetra_adc_ktrans_40x40x1_85562,ScaleNormalization,323,40x40x1
106,0.921875,0.890625,0.25,0.4916666666666666,0.475,0.6,False,2019-04-13,1000,89729.0,,"['t2tsetra/t/40x40x1', 'adc/t/40x40x1', 'ktrans/t/40x40x1']",xmass,t2tsetra_adc_ktrans_40x40x1_51655,ScaleNormalization,323,40x40x1
107,0.65625,0.671875,0.53125,0.5743589743589743,0.6158974358974358,0.5723076923076923,False,2019-04-13,1000,89729.0,,"['t2tsetra/t/40x40x1', 'adc/t/40x40x1', 'ktrans/t/40x40x1']",xmass,t2tsetra_adc_ktrans_40x40x1_67800,ScaleNormalization,323,40x40x1
108,0.7076923076923077,0.6615384615384615,0.38461538461538464,0.5114795918367346,0.5650510204081632,0.5497448979591837,False,2019-04-13,1000,23358.0,,"['ktrans/t/40x40x1', 't2tsetra/t/40x40x1', 'adc/t/40x40x1']",xmass,ktrans_t2tsetra_adc_40x40x1_90815,ScaleNormalization,323,40x40x1
109,0.8461538461538461,0.7846153846153846,0.26153846153846155,0.6775793650793651,0.6418650793650793,0.5248015873015873,False,2019-04-13,1000,23358.0,,"['ktrans/t/40x40x1', 't2tsetra/t/40x40x1', 'adc/t/40x40x1']",xmass,ktrans_t2tsetra_adc_40x40x1_11358,ScaleNormalization,323,40x40x1
110,0.676923076923077,0.7076923076923077,0.4923076923076923,0.5227272727272727,0.6014799154334037,0.6051797040169133,False,2019-04-13,1000,23358.0,,"['ktrans/t/40x40x1', 't2tsetra/t/40x40x1', 'adc/t/40x40x1']",xmass,ktrans_t2tsetra_adc_40x40x1_50357,ScaleNormalization,323,40x40x1
111,0.90625,0.890625,0.21875,0.6,0.825,0.5833333333333333,False,2019-04-13,1000,23358.0,,"['ktrans/t/40x40x1', 't2tsetra/t/40x40x1', 'adc/t/40x40x1']",xmass,ktrans_t2tsetra_adc_40x40x1_50658,ScaleNormalization,323,40x40x1
112,0.625,0.65625,0.53125,0.5271794871794873,0.5887179487179488,0.557948717948718,False,2019-04-13,1000,23358.0,,"['ktrans/t/40x40x1', 't2tsetra/t/40x40x1', 'adc/t/40x40x1']",xmass,ktrans_t2tsetra_adc_40x40x1_55021,ScaleNormalization,323,40x40x1
113,0.7538461538461538,0.6461538461538462,0.38461538461538464,0.6052295918367347,0.5969387755102041,0.5286989795918368,False,2019-04-13,1000,94425.0,,"['ktrans/t/40x40x1', 'adc/t/40x40x1']",xmass,ktrans_adc_40x40x1_27860,ScaleNormalization,323,40x40x1
114,0.7846153846153846,0.7692307692307693,0.2923076923076923,0.5019841269841271,0.6795634920634921,0.5426587301587301,False,2019-04-13,1000,94425.0,,"['ktrans/t/40x40x1', 'adc/t/40x40x1']",xmass,ktrans_adc_40x40x1_29200,ScaleNormalization,323,40x40x1
115,0.6923076923076923,0.6923076923076923,0.4307692307692308,0.5565539112050739,0.5898520084566596,0.5586680761099365,False,2019-04-13,1000,94425.0,,"['ktrans/t/40x40x1', 'adc/t/40x40x1']",xmass,ktrans_adc_40x40x1_76110,ScaleNormalization,323,40x40x1
116,0.828125,0.78125,0.21875,0.44166666666666665,0.8833333333333333,0.5833333333333333,False,2019-04-13,1000,94425.0,,"['ktrans/t/40x40x1', 'adc/t/40x40x1']",xmass,ktrans_adc_40x40x1_59529,ScaleNormalization,323,40x40x1
117,0.65625,0.703125,0.515625,0.5743589743589743,0.6630769230769231,0.5451282051282051,False,2019-04-13,1000,94425.0,,"['ktrans/t/40x40x1', 'adc/t/40x40x1']",xmass,ktrans_adc_40x40x1_22979,ScaleNormalization,323,40x40x1
118,0.7230769230769231,0.6923076923076923,0.6,0.5427295918367347,0.5433673469387755,0.6084183673469388,False,2019-04-14,1000,31029.0,,"['ktrans/t/40x40x1', 'adc/t/40x40x1']",xmass,ktrans_adc_40x40x1_50455,ScaleNormalization,323,40x40x1
119,0.7692307692307693,0.7076923076923077,0.4,0.5522959183673469,0.5114795918367346,0.6020408163265306,False,2019-04-14,1000,58675.0,,"['ktrans/t/40x40x1', 'adc/t/40x40x1']",xmass,ktrans_adc_40x40x1_19757,ScaleNormalization,323,40x40x1
120,0.8923076923076924,0.8,0.3076923076923077,0.7976190476190476,0.7906746031746033,0.5515873015873016,False,2019-04-14,1000,58675.0,,"['ktrans/t/40x40x1', 'adc/t/40x40x1']",xmass,ktrans_adc_40x40x1_95051,ScaleNormalization,323,40x40x1
121,0.676923076923077,0.676923076923077,0.4,0.5338266384778012,0.5671247357293869,0.5243128964059197,False,2019-04-14,1000,58675.0,,"['ktrans/t/40x40x1', 'adc/t/40x40x1']",xmass,ktrans_adc_40x40x1_30368,ScaleNormalization,323,40x40x1
122,0.875,0.828125,0.234375,0.7000000000000001,0.9083333333333332,0.5916666666666667,False,2019-04-14,1000,58675.0,,"['ktrans/t/40x40x1', 'adc/t/40x40x1']",xmass,ktrans_adc_40x40x1_46291,ScaleNormalization,323,40x40x1
123,0.609375,0.625,0.515625,0.5071794871794872,0.5487179487179487,0.5810256410256409,False,2019-04-14,1000,58675.0,,"['ktrans/t/40x40x1', 'adc/t/40x40x1']",xmass,ktrans_adc_40x40x1_81404,ScaleNormalization,323,40x40x1
124,0.7076923076923077,0.7230769230769231,0.4923076923076923,0.4693877551020408,0.5427295918367347,0.6422193877551021,False,2019-04-14,1000,83860.0,,"['ktrans/t/40x40x1', 'adc/t/40x40x1', 't2tsetra/t/40x40x1']",xmass,ktrans_adc_t2tsetra_40x40x1_62249,ScaleNormalization,323,40x40x1
125,0.8615384615384616,0.7384615384615385,0.3076923076923077,0.5466269841269841,0.5684523809523809,0.5982142857142857,False,2019-04-14,1000,83860.0,,"['ktrans/t/40x40x1', 'adc/t/40x40x1', 't2tsetra/t/40x40x1']",xmass,ktrans_adc_t2tsetra_40x40x1_60172,ScaleNormalization,323,40x40x1
126,0.6615384615384615,0.6615384615384615,0.38461538461538464,0.5332980972515856,0.5554968287526427,0.4904862579281184,False,2019-04-14,1000,83860.0,,"['ktrans/t/40x40x1', 'adc/t/40x40x1', 't2tsetra/t/40x40x1']",xmass,ktrans_adc_t2tsetra_40x40x1_64083,ScaleNormalization,323,40x40x1
127,0.875,0.796875,0.171875,0.5833333333333333,0.8916666666666666,0.5583333333333333,False,2019-04-14,1000,83860.0,,"['ktrans/t/40x40x1', 'adc/t/40x40x1', 't2tsetra/t/40x40x1']",xmass,ktrans_adc_t2tsetra_40x40x1_60194,ScaleNormalization,323,40x40x1
128,0.671875,0.625,0.53125,0.5943589743589743,0.5558974358974359,0.5507692307692308,False,2019-04-14,1000,83860.0,,"['ktrans/t/40x40x1', 'adc/t/40x40x1', 't2tsetra/t/40x40x1']",xmass,ktrans_adc_t2tsetra_40x40x1_52765,ScaleNormalization,323,40x40x1
129,0.7666666666666667,0.7333333333333333,0.4166666666666667,0.5555555555555556,0.6,0.6111111111111112,False,2019-04-14,1000,64580.0,,"['adc/t/20x20x1', 't2tsetra/t/20x20x1']",xmass,adc_t2tsetra_20x20x1_25186,ScaleNormalization,296,20x20x1
130,0.8135593220338984,0.8135593220338984,0.3389830508474576,0.5255555555555556,0.5711111111111111,0.61,False,2019-04-14,1000,64580.0,,"['adc/t/20x20x1', 't2tsetra/t/20x20x1']",xmass,adc_t2tsetra_20x20x1_33289,ScaleNormalization,296,20x20x1
131,0.6610169491525424,0.5932203389830508,0.4067796610169492,0.5238095238095238,0.4818295739348372,0.4862155388471178,False,2019-04-14,1000,64580.0,,"['adc/t/20x20x1', 't2tsetra/t/20x20x1']",xmass,adc_t2tsetra_20x20x1_53423,ScaleNormalization,296,20x20x1
132,0.8983050847457628,0.7966101694915254,0.13559322033898305,0.4732142857142857,0.5773809523809523,0.5446428571428572,False,2019-04-14,1000,64580.0,,"['adc/t/20x20x1', 't2tsetra/t/20x20x1']",xmass,adc_t2tsetra_20x20x1_98962,ScaleNormalization,296,20x20x1
133,0.6101694915254238,0.6271186440677966,0.5084745762711864,0.5078502415458938,0.5531400966183575,0.5893719806763286,False,2019-04-14,1000,64580.0,,"['adc/t/20x20x1', 't2tsetra/t/20x20x1']",xmass,adc_t2tsetra_20x20x1_82890,ScaleNormalization,296,20x20x1
134,0.75,0.7166666666666667,0.25,0.5222222222222221,0.5666666666666667,0.4555555555555556,False,2019-04-14,1000,53233.0,,"['adc/s/20x20x1', 't2tsetra/s/20x20x1']",xmass,adc_t2tsetra_20x20x1_68783,ScaleNormalization,296,20x20x1
135,0.7966101694915254,0.7457627118644068,0.1694915254237288,0.47,0.4855555555555556,0.51,False,2019-04-14,1000,53233.0,,"['adc/s/20x20x1', 't2tsetra/s/20x20x1']",xmass,adc_t2tsetra_20x20x1_20553,ScaleNormalization,296,20x20x1
136,0.6440677966101694,0.6949152542372882,0.3559322033898305,0.5106516290726817,0.6033834586466165,0.4680451127819549,False,2019-04-14,1000,53233.0,,"['adc/s/20x20x1', 't2tsetra/s/20x20x1']",xmass,adc_t2tsetra_20x20x1_29324,ScaleNormalization,296,20x20x1
137,0.8644067796610171,0.7966101694915254,0.11864406779661014,0.4553571428571429,0.5773809523809523,0.5357142857142857,False,2019-04-14,1000,53233.0,,"['adc/s/20x20x1', 't2tsetra/s/20x20x1']",xmass,adc_t2tsetra_20x20x1_59891,ScaleNormalization,296,20x20x1
138,0.6101694915254238,0.576271186440678,0.3728813559322034,0.5,0.4722222222222222,0.4704106280193237,False,2019-04-14,1000,53233.0,,"['adc/s/20x20x1', 't2tsetra/s/20x20x1']",xmass,adc_t2tsetra_20x20x1_61293,ScaleNormalization,296,20x20x1
139,0.75,0.7,0.3,0.5222222222222221,0.5111111111111111,0.4666666666666667,False,2019-04-14,1000,17142.0,,"['adc/a/20x20x1', 't2tsetra/a/20x20x1']",xmass,adc_t2tsetra_20x20x1_21620,ScaleNormalization,296,20x20x1
140,0.7966101694915254,0.7457627118644068,0.1694915254237288,0.47,0.6222222222222222,0.4644444444444445,False,2019-04-14,1000,17142.0,,"['adc/a/20x20x1', 't2tsetra/a/20x20x1']",xmass,adc_t2tsetra_20x20x1_71955,ScaleNormalization,296,20x20x1
141,0.6440677966101694,0.6271186440677966,0.5084745762711864,0.5,0.5081453634085213,0.5971177944862156,False,2019-04-14,1000,17142.0,,"['adc/a/20x20x1', 't2tsetra/a/20x20x1']",xmass,adc_t2tsetra_20x20x1_14622,ScaleNormalization,296,20x20x1
142,0.9152542372881356,0.7118644067796609,0.11864406779661014,0.6398809523809523,0.8482142857142857,0.5357142857142857,False,2019-04-14,1000,17142.0,,"['adc/a/20x20x1', 't2tsetra/a/20x20x1']",xmass,adc_t2tsetra_20x20x1_48683,ScaleNormalization,296,20x20x1
143,0.5932203389830508,0.5423728813559322,0.423728813559322,0.4861111111111111,0.4522946859903382,0.4963768115942029,False,2019-04-14,1000,17142.0,,"['adc/a/20x20x1', 't2tsetra/a/20x20x1']",xmass,adc_t2tsetra_20x20x1_49087,ScaleNormalization,296,20x20x1
144,0.8,0.7846153846153846,0.4461538461538462,0.6147959183673469,0.6466836734693877,0.5695153061224489,False,2019-04-14,1000,88265.0,,['adc/t/40x40x1'],xmass,adc_40x40x1_20582,ScaleNormalization,323,40x40x1
145,0.8307692307692308,0.8,0.2,0.5287698412698413,0.6041666666666666,0.44246031746031744,False,2019-04-14,1000,88265.0,,['adc/t/40x40x1'],xmass,adc_40x40x1_16139,ScaleNormalization,323,40x40x1
146,0.7384615384615385,0.7076923076923077,0.4615384615384616,0.6136363636363636,0.6014799154334037,0.5819238900634249,False,2019-04-14,1000,88265.0,,['adc/t/40x40x1'],xmass,adc_40x40x1_46633,ScaleNormalization,323,40x40x1
147,0.859375,0.765625,0.140625,0.6916666666666667,0.875,0.5416666666666667,False,2019-04-14,1000,88265.0,,['adc/t/40x40x1'],xmass,adc_40x40x1_43438,ScaleNormalization,323,40x40x1
148,0.5625,0.59375,0.53125,0.4687179487179488,0.523076923076923,0.6082051282051282,False,2019-04-14,1000,88265.0,,['adc/t/40x40x1'],xmass,adc_40x40x1_34648,ScaleNormalization,323,40x40x1
149,0.7230769230769231,0.7230769230769231,0.4307692307692308,0.5216836734693877,0.5637755102040816,0.559311224489796,False,2019-04-14,1500,22370.0,,"['adc/t/40x40x1', 'ktrans/t/40x40x1']",xmass,adc_ktrans_40x40x1_56928,ScaleNormalization,323,40x40x1
150,0.9076923076923076,0.7692307692307693,0.3076923076923077,0.7599206349206349,0.6795634920634921,0.5515873015873016,False,2019-04-14,1500,22370.0,,"['adc/t/40x40x1', 'ktrans/t/40x40x1']",xmass,adc_ktrans_40x40x1_73289,ScaleNormalization,323,40x40x1
151,0.6615384615384615,0.6153846153846154,0.4461538461538462,0.5110993657505285,0.4873150105708245,0.5369978858350952,False,2019-04-14,1500,22370.0,,"['adc/t/40x40x1', 'ktrans/t/40x40x1']",xmass,adc_ktrans_40x40x1_75093,ScaleNormalization,323,40x40x1
152,0.890625,0.859375,0.21875,0.7083333333333334,0.8083333333333333,0.5833333333333333,False,2019-04-14,1500,22370.0,,"['adc/t/40x40x1', 'ktrans/t/40x40x1']",xmass,adc_ktrans_40x40x1_11076,ScaleNormalization,323,40x40x1
153,0.640625,0.671875,0.453125,0.54,0.5943589743589743,0.5010256410256411,False,2019-04-14,1500,22370.0,,"['adc/t/40x40x1', 'ktrans/t/40x40x1']",xmass,adc_ktrans_40x40x1_53300,ScaleNormalization,323,40x40x1
154,0.75,0.7833333333333333,0.38333333333333336,0.5,0.6111111111111109,0.5444444444444445,False,2019-04-14,1000,44951.0,,['adc/t/20x20x1'],xmass,adc_20x20x1_98712,ScaleNormalization,296,20x20x1
155,0.8474576271186439,0.7796610169491526,0.2711864406779661,0.5911111111111111,0.5966666666666666,0.5244444444444445,False,2019-04-14,1000,44951.0,,['adc/t/20x20x1'],xmass,adc_20x20x1_86243,ScaleNormalization,296,20x20x1
156,0.6779661016949152,0.6949152542372882,0.423728813559322,0.5582706766917293,0.6033834586466165,0.5206766917293233,False,2019-04-14,1000,44951.0,,['adc/t/20x20x1'],xmass,adc_20x20x1_76230,ScaleNormalization,296,20x20x1
157,0.8474576271186439,0.7118644067796609,0.1694915254237288,0.6041666666666666,0.8482142857142857,0.5625,False,2019-04-14,1000,44951.0,,['adc/t/20x20x1'],xmass,adc_20x20x1_65575,ScaleNormalization,296,20x20x1
158,0.6610169491525424,0.6271186440677966,0.4576271186440678,0.5730676328502415,0.5845410628019323,0.5477053140096618,False,2019-04-14,1000,44951.0,,['adc/t/20x20x1'],xmass,adc_20x20x1_93026,ScaleNormalization,296,20x20x1
159,0.7333333333333333,0.65,0.26666666666666666,0.4888888888888889,0.43333333333333335,0.4666666666666667,False,2019-04-14,1000,99513.0,,['adc/s/20x20x1'],xmass,adc_20x20x1_74050,ScaleNormalization,296,20x20x1
160,0.8474576271186439,0.7966101694915254,0.1694915254237288,0.5455555555555556,0.6066666666666667,0.51,False,2019-04-14,1000,99513.0,,['adc/s/20x20x1'],xmass,adc_20x20x1_10138,ScaleNormalization,296,20x20x1
161,0.6271186440677966,0.6440677966101694,0.4067796610169492,0.4868421052631579,0.5532581453634086,0.4968671679197995,False,2019-04-14,1000,99513.0,,['adc/s/20x20x1'],xmass,adc_20x20x1_17718,ScaleNormalization,296,20x20x1
162,0.8983050847457628,0.7627118644067796,0.05084745762711865,0.4732142857142857,0.5595238095238094,0.5,False,2019-04-14,1000,99513.0,,['adc/s/20x20x1'],xmass,adc_20x20x1_68544,ScaleNormalization,296,20x20x1
163,0.6101694915254238,0.6101694915254238,0.4406779661016949,0.5078502415458938,0.5235507246376812,0.5181159420289855,False,2019-04-14,1000,99513.0,,['adc/s/20x20x1'],xmass,adc_20x20x1_64153,ScaleNormalization,296,20x20x1
164,0.7666666666666667,0.75,0.38333333333333336,0.5777777777777778,0.6333333333333333,0.5444444444444445,False,2019-04-14,1000,84794.0,,['adc/a/20x20x1'],xmass,adc_20x20x1_76664,ScaleNormalization,296,20x20x1
165,0.8474576271186439,0.8135593220338984,0.2542372881355932,0.5,0.6622222222222222,0.56,False,2019-04-14,1000,84794.0,,['adc/a/20x20x1'],xmass,adc_20x20x1_14142,ScaleNormalization,296,20x20x1
166,0.6949152542372882,0.6271186440677966,0.4406779661016949,0.5714285714285714,0.5294486215538847,0.5125313283208021,False,2019-04-14,1000,84794.0,,['adc/a/20x20x1'],xmass,adc_20x20x1_26206,ScaleNormalization,296,20x20x1
167,0.8135593220338984,0.6101694915254238,0.1016949152542373,0.5863095238095238,0.6369047619047619,0.5267857142857143,False,2019-04-14,1000,84794.0,,['adc/a/20x20x1'],xmass,adc_20x20x1_42205,ScaleNormalization,296,20x20x1
168,0.6271186440677966,0.6440677966101694,0.4406779661016949,0.5295893719806763,0.5591787439613526,0.5181159420289855,False,2019-04-14,1000,84794.0,,['adc/a/20x20x1'],xmass,adc_20x20x1_89101,ScaleNormalization,296,20x20x1
169,0.75,0.7166666666666667,0.4166666666666667,0.5444444444444444,0.5666666666666667,0.5888888888888889,False,2019-04-15,1000,67092.0,,['adc/a/20x20x1'],xmass,adc_20x20x1_85964,ScaleNormalization,296,20x20x1
170,0.8305084745762712,0.6949152542372882,0.23728813559322035,0.49,0.5011111111111112,0.55,False,2019-04-15,1000,67092.0,,['adc/a/20x20x1'],xmass,adc_20x20x1_35294,ScaleNormalization,296,20x20x1
171,0.6271186440677966,0.6271186440677966,0.4576271186440678,0.4974937343358397,0.5081453634085213,0.5576441102756893,False,2019-04-15,1000,67092.0,,['adc/a/20x20x1'],xmass,adc_20x20x1_86869,ScaleNormalization,296,20x20x1
172,0.8644067796610171,0.7457627118644068,0.1694915254237288,0.7708333333333333,0.8660714285714286,0.5625,False,2019-04-15,1000,67092.0,,['adc/a/20x20x1'],xmass,adc_20x20x1_54295,ScaleNormalization,296,20x20x1
173,0.6271186440677966,0.6949152542372882,0.4067796610169492,0.5217391304347826,0.6165458937198068,0.4667874396135265,False,2019-04-15,1000,67092.0,,['adc/a/20x20x1'],xmass,adc_20x20x1_43506,ScaleNormalization,296,20x20x1
174,,,,,,,False,2019-04-15,1000,,,"['adc/t/20x20x1', 'cbval/t/20x20x1', 'ktrans/t/20x20x1']",xmass,xmas,ScaleNormalization,296,20x20x1
175,0.7166666666666667,0.7333333333333333,0.55,0.5444444444444444,0.5777777777777777,0.5888888888888888,False,2019-04-15,1000,51731.0,,"['adc/t/20x20x1', 'cbval/t/20x20x1', 'ktrans/t/20x20x1']",xmass,adc_cbval_ktrans_20x20x1_25592,ScaleNormalization,296,20x20x1
176,0.7966101694915254,0.7796610169491526,0.3559322033898305,0.5611111111111111,0.6877777777777779,0.5288888888888889,False,2019-04-15,1000,51731.0,,"['adc/t/20x20x1', 'cbval/t/20x20x1', 'ktrans/t/20x20x1']",xmass,adc_cbval_ktrans_20x20x1_50462,ScaleNormalization,296,20x20x1
177,0.6271186440677966,0.6271186440677966,0.4576271186440678,0.4974937343358397,0.4974937343358397,0.5256892230576441,False,2019-04-15,1000,51731.0,,"['adc/t/20x20x1', 'cbval/t/20x20x1', 'ktrans/t/20x20x1']",xmass,adc_cbval_ktrans_20x20x1_72652,ScaleNormalization,296,20x20x1
178,0.8305084745762712,0.7966101694915254,0.288135593220339,0.7529761904761905,0.8928571428571428,0.625,False,2019-04-15,1000,51731.0,,"['adc/t/20x20x1', 'cbval/t/20x20x1', 'ktrans/t/20x20x1']",xmass,adc_cbval_ktrans_20x20x1_65307,ScaleNormalization,296,20x20x1
179,0.6949152542372882,0.6610169491525424,0.5254237288135594,0.6322463768115941,0.6123188405797102,0.5326086956521738,False,2019-04-15,1000,51731.0,,"['adc/t/20x20x1', 'cbval/t/20x20x1', 'ktrans/t/20x20x1']",xmass,adc_cbval_ktrans_20x20x1_77055,ScaleNormalization,296,20x20x1
180,0.7,0.75,0.65,0.4666666666666667,0.6111111111111109,0.7000000000000001,False,2019-04-15,1000,61266.0,,"['adc/t/20x20x1', 'cbval/t/20x20x1', 't2tsetra/t/20x20x1']",xmass,adc_cbval_t2tsetra_20x20x1_58623,ScaleNormalization,296,20x20x1
181,0.7796610169491526,0.7457627118644068,0.22033898305084745,0.5966666666666666,0.6677777777777778,0.4944444444444444,False,2019-04-15,1000,61266.0,,"['adc/t/20x20x1', 'cbval/t/20x20x1', 't2tsetra/t/20x20x1']",xmass,adc_cbval_t2tsetra_20x20x1_10291,ScaleNormalization,296,20x20x1
182,0.6610169491525424,0.6779661016949152,0.4915254237288136,0.5770676691729323,0.6008771929824561,0.5093984962406015,False,2019-04-15,1000,61266.0,,"['adc/t/20x20x1', 'cbval/t/20x20x1', 't2tsetra/t/20x20x1']",xmass,adc_cbval_t2tsetra_20x20x1_62249,ScaleNormalization,296,20x20x1
183,0.7627118644067796,0.7457627118644068,0.4745762711864407,0.5595238095238094,0.5505952380952379,0.4077380952380952,False,2019-04-15,1000,61266.0,,"['adc/t/20x20x1', 'cbval/t/20x20x1', 't2tsetra/t/20x20x1']",xmass,adc_cbval_t2tsetra_20x20x1_69277,ScaleNormalization,296,20x20x1
184,0.6949152542372882,0.6779661016949152,0.5932203389830508,0.6400966183574879,0.6340579710144927,0.5881642512077294,False,2019-04-15,1000,61266.0,,"['adc/t/20x20x1', 'cbval/t/20x20x1', 't2tsetra/t/20x20x1']",xmass,adc_cbval_t2tsetra_20x20x1_78051,ScaleNormalization,296,20x20x1
185,0.7333333333333333,0.7333333333333333,0.4,0.5111111111111112,0.5333333333333333,0.5777777777777777,False,2019-04-15,1000,80407.0,,"['adc/s/20x20x1', 'cbval/s/20x20x1', 't2tsetra/s/20x20x1']",xmass,adc_cbval_t2tsetra_20x20x1_85988,ScaleNormalization,296,20x20x1
186,0.8813559322033898,0.7966101694915254,0.2542372881355932,0.6566666666666666,0.6522222222222221,0.5144444444444445,False,2019-04-15,1000,80407.0,,"['adc/s/20x20x1', 'cbval/s/20x20x1', 't2tsetra/s/20x20x1']",xmass,adc_cbval_t2tsetra_20x20x1_73399,ScaleNormalization,296,20x20x1
187,0.6101694915254238,0.6440677966101694,0.4067796610169492,0.4843358395989975,0.5426065162907269,0.4116541353383458,False,2019-04-15,1000,80407.0,,"['adc/s/20x20x1', 'cbval/s/20x20x1', 't2tsetra/s/20x20x1']",xmass,adc_cbval_t2tsetra_20x20x1_30498,ScaleNormalization,296,20x20x1
188,0.7627118644067796,0.7457627118644068,0.2711864406779661,0.4017857142857143,0.3928571428571429,0.4583333333333333,False,2019-04-15,1000,80407.0,,"['adc/s/20x20x1', 'cbval/s/20x20x1', 't2tsetra/s/20x20x1']",xmass,adc_cbval_t2tsetra_20x20x1_91262,ScaleNormalization,296,20x20x1
189,0.6610169491525424,0.6949152542372882,0.5932203389830508,0.5809178743961353,0.6322463768115941,0.6195652173913043,False,2019-04-15,1000,80407.0,,"['adc/s/20x20x1', 'cbval/s/20x20x1', 't2tsetra/s/20x20x1']",xmass,adc_cbval_t2tsetra_20x20x1_35266,ScaleNormalization,296,20x20x1
190,0.7833333333333333,0.8,0.5,0.5666666666666667,0.6666666666666666,0.6222222222222222,False,2019-04-15,1000,18509.0,,"['adc/a/20x20x1', 'cbval/a/20x20x1', 't2tsetra/a/20x20x1']",xmass,adc_cbval_t2tsetra_20x20x1_86124,ScaleNormalization,296,20x20x1
191,0.8135593220338984,0.8135593220338984,0.3728813559322034,0.6166666666666667,0.7077777777777777,0.63,False,2019-04-15,1000,18509.0,,"['adc/a/20x20x1', 'cbval/a/20x20x1', 't2tsetra/a/20x20x1']",xmass,adc_cbval_t2tsetra_20x20x1_69371,ScaleNormalization,296,20x20x1
192,0.7118644067796609,0.7118644067796609,0.6101694915254238,0.6165413533834587,0.6484962406015038,0.6547619047619048,False,2019-04-15,1000,18509.0,,"['adc/a/20x20x1', 'cbval/a/20x20x1', 't2tsetra/a/20x20x1']",xmass,adc_cbval_t2tsetra_20x20x1_46919,ScaleNormalization,296,20x20x1
193,0.8305084745762712,0.7457627118644068,0.3389830508474576,0.5952380952380952,0.5505952380952379,0.494047619047619,False,2019-04-15,1000,18509.0,,"['adc/a/20x20x1', 'cbval/a/20x20x1', 't2tsetra/a/20x20x1']",xmass,adc_cbval_t2tsetra_20x20x1_97964,ScaleNormalization,296,20x20x1
194,0.6101694915254238,0.6271186440677966,0.7118644067796609,0.5078502415458938,0.5452898550724637,0.7167874396135265,False,2019-04-15,1000,18509.0,,"['adc/a/20x20x1', 'cbval/a/20x20x1', 't2tsetra/a/20x20x1']",xmass,adc_cbval_t2tsetra_20x20x1_83582,ScaleNormalization,296,20x20x1
195,0.7666666666666667,0.7333333333333333,0.4166666666666667,0.5333333333333333,0.6,0.5888888888888889,False,2019-04-15,1000,61515.0,,"['adc/a/20x20x1', 'cbval/a/20x20x1', 't2tsetra/a/20x20x1']",xmass,adc_cbval_t2tsetra_20x20x1_10947,ScaleNormalization,296,20x20x1
196,0.8135593220338984,0.7288135593220338,0.23728813559322035,0.5255555555555556,0.6122222222222222,0.55,False,2019-04-15,1000,61515.0,,"['adc/a/20x20x1', 'cbval/a/20x20x1', 't2tsetra/a/20x20x1']",xmass,adc_cbval_t2tsetra_20x20x1_33587,ScaleNormalization,296,20x20x1
197,0.6271186440677966,0.6271186440677966,0.4406779661016949,0.4868421052631579,0.5081453634085213,0.5551378446115288,False,2019-04-15,1000,61515.0,,"['adc/a/20x20x1', 'cbval/a/20x20x1', 't2tsetra/a/20x20x1']",xmass,adc_cbval_t2tsetra_20x20x1_56850,ScaleNormalization,296,20x20x1
198,0.8305084745762712,0.7288135593220338,0.23728813559322035,0.4375,0.3839285714285714,0.5982142857142857,False,2019-04-15,1000,61515.0,,"['adc/a/20x20x1', 'cbval/a/20x20x1', 't2tsetra/a/20x20x1']",xmass,adc_cbval_t2tsetra_20x20x1_67425,ScaleNormalization,296,20x20x1
199,0.6271186440677966,0.6440677966101694,0.559322033898305,0.5217391304347826,0.5591787439613526,0.6074879227053139,False,2019-04-15,1000,61515.0,,"['adc/a/20x20x1', 'cbval/a/20x20x1', 't2tsetra/a/20x20x1']",xmass,adc_cbval_t2tsetra_20x20x1_94651,ScaleNormalization,296,20x20x1
200,0.75,0.8166666666666667,0.31666666666666665,0.5222222222222221,0.6777777777777777,0.4555555555555556,False,2019-04-15,1000,23181.0,,['adc/t/20x20x1'],xmass,adc_20x20x1_82936,ScaleNormalization,296,20x20x1
201,0.8305084745762712,0.7118644067796609,0.22033898305084745,0.6266666666666666,0.6477777777777778,0.4488888888888889,False,2019-04-15,1000,23181.0,,['adc/t/20x20x1'],xmass,adc_20x20x1_19697,ScaleNormalization,296,20x20x1
202,0.6610169491525424,0.6440677966101694,0.4067796610169492,0.5238095238095238,0.5319548872180451,0.5181704260651628,False,2019-04-15,1000,23181.0,,['adc/t/20x20x1'],xmass,adc_20x20x1_84497,ScaleNormalization,296,20x20x1
203,0.8813559322033898,0.7796610169491526,0.22033898305084745,0.6220238095238094,0.7261904761904759,0.5892857142857143,False,2019-04-15,1000,23181.0,,['adc/t/20x20x1'],xmass,adc_20x20x1_19104,ScaleNormalization,296,20x20x1
204,0.6440677966101694,0.6440677966101694,0.4406779661016949,0.5591787439613526,0.5827294685990339,0.4945652173913043,False,2019-04-15,1000,23181.0,,['adc/t/20x20x1'],xmass,adc_20x20x1_82648,ScaleNormalization,296,20x20x1
205,0.75,0.7333333333333333,0.31666666666666665,0.5222222222222221,0.5555555555555555,0.5444444444444445,False,2019-04-15,1000,10126.0,,['cbval/t/20x20x1'],xmass,cbval_20x20x1_29105,ScaleNormalization,296,20x20x1
206,0.8305084745762712,0.8305084745762712,0.2033898305084746,0.6266666666666666,0.8088888888888888,0.53,False,2019-04-15,1000,10126.0,,['cbval/t/20x20x1'],xmass,cbval_20x20x1_78319,ScaleNormalization,296,20x20x1
207,0.6101694915254238,0.4915254237288136,0.4067796610169492,0.4736842105263158,0.3922305764411028,0.4968671679197995,False,2019-04-15,1000,10126.0,,['cbval/t/20x20x1'],xmass,cbval_20x20x1_98390,ScaleNormalization,296,20x20x1
208,0.8474576271186439,0.6440677966101694,0.13559322033898305,0.44642857142857145,0.4970238095238095,0.5446428571428572,False,2019-04-15,1000,10126.0,,['cbval/t/20x20x1'],xmass,cbval_20x20x1_90810,ScaleNormalization,296,20x20x1
209,0.6101694915254238,0.6440677966101694,0.4576271186440678,0.5157004830917874,0.5827294685990339,0.5398550724637681,False,2019-04-15,1000,10126.0,,['cbval/t/20x20x1'],xmass,cbval_20x20x1_16371,ScaleNormalization,296,20x20x1
210,0.8333333333333334,0.8333333333333334,0.3333333333333333,0.6888888888888889,0.7111111111111112,0.5333333333333333,False,2019-04-15,1000,68911.0,,['adc/t/20x20x1'],siamese,adc_20x20x1_26979,ScaleNormalization,296,20x20x1
211,0.8305084745762712,0.7457627118644068,0.3559322033898305,0.6722222222222223,0.6222222222222222,0.5744444444444444,False,2019-04-15,1000,68911.0,,['adc/t/20x20x1'],siamese,adc_20x20x1_24190,ScaleNormalization,296,20x20x1
212,0.6610169491525424,0.6610169491525424,0.5254237288135594,0.5451127819548872,0.5770676691729323,0.599624060150376,False,2019-04-15,1000,68911.0,,['adc/t/20x20x1'],siamese,adc_20x20x1_60460,ScaleNormalization,296,20x20x1
213,0.8813559322033898,0.7457627118644068,0.2542372881355932,0.6220238095238094,0.5505952380952379,0.6071428571428572,False,2019-04-15,1000,68911.0,,['adc/t/20x20x1'],siamese,adc_20x20x1_51211,ScaleNormalization,296,20x20x1
214,0.6440677966101694,0.7118644067796609,0.5084745762711864,0.5591787439613526,0.6618357487922705,0.5893719806763286,False,2019-04-15,1000,68911.0,,['adc/t/20x20x1'],siamese,adc_20x20x1_62348,ScaleNormalization,296,20x20x1
215,,,,,,,False,2019-05-02,500,,,['adc/t/40x40x1'],xmass,xmas,ScaleNormalization,296,40x40x1
216,,,,,,,False,2019-05-02,600,,,['adc/t/40x40x1'],xmass,mnist,ScaleNormalization,296,40x40x1
217,,,,,,,False,2019-05-02,1000,,,['adc/t/40x40x1'],xmass,mnist,ScaleNormalization,296,40x40x1
218,,,,,,,False,2019-05-02,1000,,,['adc/t/40x40x1'],xmass,mnist,ScaleNormalization,296,40x40x1
219,0.75,0.7333333333333333,0.3666666666666665,0.6111111111111109,0.6222222222222221,0.5111111111111111,False,2019-05-02,700,16745.0,,['adc/t/40x40x1'],siamese,adc_40x40x1_28617,ScaleNormalization,296,40x40x1
220,0.7457627118644068,0.7118644067796609,0.2711864406779661,0.6222222222222222,0.6933333333333334,0.5700000000000001,False,2019-05-02,700,16745.0,,['adc/t/40x40x1'],siamese,adc_40x40x1_78588,ScaleNormalization,296,40x40x1
221,0.6610169491525424,0.6101694915254238,0.4745762711864407,0.5238095238095238,0.4949874686716793,0.5601503759398496,False,2019-05-02,700,16745.0,,['adc/t/40x40x1'],siamese,adc_40x40x1_98486,ScaleNormalization,296,40x40x1
222,0.8305084745762712,0.7796610169491526,0.1694915254237288,0.4375,0.5684523809523809,0.5625,False,2019-05-02,700,16745.0,,['adc/t/40x40x1'],siamese,adc_40x40x1_90015,ScaleNormalization,296,40x40x1
223,0.6101694915254238,0.6101694915254238,0.4745762711864407,0.5314009661835748,0.5471014492753623,0.5301932367149759,False,2019-05-02,700,16745.0,,['adc/t/40x40x1'],siamese,adc_40x40x1_56621,ScaleNormalization,296,40x40x1
224,0.7833333333333333,0.75,0.4666666666666667,0.6333333333333333,0.6333333333333333,0.5555555555555556,False,2019-05-02,700,77044.0,,['adc/t/40x40x1'],xmas,adc_40x40x1_52590,ScaleNormalization,296,40x40x1
225,0.8474576271186439,0.7796610169491526,0.2542372881355932,0.6822222222222223,0.6877777777777779,0.5144444444444445,False,2019-05-02,700,77044.0,,['adc/t/40x40x1'],xmas,adc_40x40x1_49374,ScaleNormalization,296,40x40x1
226,0.6610169491525424,0.6610169491525424,0.5423728813559322,0.5344611528822055,0.5664160401002507,0.6127819548872181,False,2019-05-02,700,77044.0,,['adc/t/40x40x1'],xmas,adc_40x40x1_63533,ScaleNormalization,296,40x40x1
227,0.8305084745762712,0.6779661016949152,0.0847457627118644,0.4375,0.6726190476190477,0.3601190476190476,False,2019-05-02,700,77044.0,,['adc/t/40x40x1'],xmas,adc_40x40x1_44954,ScaleNormalization,296,40x40x1
228,0.6949152542372882,0.6440677966101694,0.5254237288135594,0.6322463768115941,0.5905797101449276,0.5640096618357487,False,2019-05-02,700,77044.0,,['adc/t/40x40x1'],xmas,adc_40x40x1_62415,ScaleNormalization,296,40x40x1
229,0.7833333333333333,0.75,0.3666666666666665,0.5888888888888889,0.6333333333333333,0.4888888888888889,False,2019-05-02,700,28096.0,,['t2tsetra/t/40x40x1'],xmas,t2tsetra_40x40x1_88765,ScaleNormalization,296,40x40x1
230,0.8644067796610171,0.8305084745762712,0.2711864406779661,0.5555555555555556,0.6722222222222223,0.5700000000000001,False,2019-05-02,700,28096.0,,['t2tsetra/t/40x40x1'],xmas,t2tsetra_40x40x1_34598,ScaleNormalization,296,40x40x1
231,0.6440677966101694,0.6949152542372882,0.4745762711864407,0.5,0.5927318295739349,0.5708020050125313,False,2019-05-02,700,28096.0,,['t2tsetra/t/40x40x1'],xmas,t2tsetra_40x40x1_82227,ScaleNormalization,296,40x40x1
232,0.7966101694915254,0.6610169491525424,0.13559322033898305,0.4196428571428572,0.3482142857142857,0.5446428571428572,False,2019-05-02,700,28096.0,,['t2tsetra/t/40x40x1'],xmas,t2tsetra_40x40x1_25153,ScaleNormalization,296,40x40x1
233,0.576271186440678,0.6101694915254238,0.4745762711864407,0.4722222222222222,0.5235507246376812,0.5144927536231885,False,2019-05-02,700,28096.0,,['t2tsetra/t/40x40x1'],xmas,t2tsetra_40x40x1_54051,ScaleNormalization,296,40x40x1
234,0.75,0.75,0.31666666666666665,0.5222222222222221,0.5888888888888889,0.5444444444444445,False,2019-05-02,700,39373.0,,['cbval/t/20x20x1'],xmas,cbval_20x20x1_90400,ScaleNormalization,296,20x20x1
235,0.8474576271186439,0.7966101694915254,0.22033898305084745,0.6366666666666666,0.6977777777777777,0.54,False,2019-05-02,700,39373.0,,['cbval/t/20x20x1'],xmas,cbval_20x20x1_95147,ScaleNormalization,296,20x20x1
236,0.6101694915254238,0.576271186440678,0.4576271186440678,0.4736842105263158,0.4899749373433584,0.568295739348371,False,2019-05-02,700,39373.0,,['cbval/t/20x20x1'],xmas,cbval_20x20x1_76527,ScaleNormalization,296,20x20x1
237,0.8644067796610171,0.6101694915254238,0.1694915254237288,0.4553571428571429,0.4791666666666666,0.4047619047619048,False,2019-05-02,700,39373.0,,['cbval/t/20x20x1'],xmas,cbval_20x20x1_92334,ScaleNormalization,296,20x20x1
238,0.6271186440677966,0.576271186440678,0.4576271186440678,0.53743961352657,0.5114734299516909,0.5477053140096618,False,2019-05-02,700,39373.0,,['cbval/t/20x20x1'],xmas,cbval_20x20x1_41745,ScaleNormalization,296,20x20x1
239,0.7333333333333333,0.7166666666666667,0.4,0.5333333333333333,0.5888888888888888,0.5333333333333334,False,2019-05-02,700,35979.0,,['ktrans/t/20x20x1'],xmas,ktrans_20x20x1_84690,ScaleNormalization,296,20x20x1
240,0.7796610169491526,0.7118644067796609,0.288135593220339,0.5055555555555555,0.6933333333333334,0.5800000000000001,False,2019-05-02,700,35979.0,,['ktrans/t/20x20x1'],xmas,ktrans_20x20x1_94749,ScaleNormalization,296,20x20x1
241,0.6440677966101694,0.6271186440677966,0.4576271186440678,0.5213032581453634,0.5507518796992479,0.568295739348371,False,2019-05-02,700,35979.0,,['ktrans/t/20x20x1'],xmas,ktrans_20x20x1_19621,ScaleNormalization,296,20x20x1
242,0.8474576271186439,0.7457627118644068,0.1864406779661017,0.44642857142857145,0.7083333333333334,0.5714285714285714,False,2019-05-02,700,35979.0,,['ktrans/t/20x20x1'],xmas,ktrans_20x20x1_78519,ScaleNormalization,296,20x20x1
243,0.5932203389830508,0.6101694915254238,0.4915254237288136,0.4939613526570048,0.5471014492753623,0.5440821256038647,False,2019-05-02,700,35979.0,,['ktrans/t/20x20x1'],xmas,ktrans_20x20x1_64404,ScaleNormalization,296,20x20x1
244,0.6833333333333333,0.7166666666666667,0.6666666666666666,0.5222222222222221,0.6111111111111109,0.7111111111111111,False,2019-05-03,1000,36614.0,,"['adc/t/20x20x1', 'ktrans/t/20x20x1', 'cbval/t/20x20x1', 't2tsetra/t/20x20x1']",xmas,adc_ktrans_cbval_t2tsetra_20x20x1_17842,ScaleNormalization,296,20x20x1
245,0.7966101694915254,0.7796610169491526,0.5254237288135594,0.6066666666666667,0.6877777777777779,0.6288888888888888,False,2019-05-03,1000,36614.0,,"['adc/t/20x20x1', 'ktrans/t/20x20x1', 'cbval/t/20x20x1', 't2tsetra/t/20x20x1']",xmas,adc_ktrans_cbval_t2tsetra_20x20x1_79574,ScaleNormalization,296,20x20x1
246,0.6779661016949152,0.6949152542372882,0.5084745762711864,0.568922305764411,0.6033834586466165,0.5651629072681704,False,2019-05-03,1000,36614.0,,"['adc/t/20x20x1', 'ktrans/t/20x20x1', 'cbval/t/20x20x1', 't2tsetra/t/20x20x1']",xmas,adc_ktrans_cbval_t2tsetra_20x20x1_73643,ScaleNormalization,296,20x20x1
247,0.8644067796610171,0.7627118644067796,0.559322033898305,0.7708333333333333,0.7172619047619047,0.7678571428571428,False,2019-05-03,1000,36614.0,,"['adc/t/20x20x1', 'ktrans/t/20x20x1', 'cbval/t/20x20x1', 't2tsetra/t/20x20x1']",xmas,adc_ktrans_cbval_t2tsetra_20x20x1_43568,ScaleNormalization,296,20x20x1
248,0.6271186440677966,0.6440677966101694,0.6101694915254238,0.53743961352657,0.57487922705314,0.6020531400966183,False,2019-05-03,1000,36614.0,,"['adc/t/20x20x1', 'ktrans/t/20x20x1', 'cbval/t/20x20x1', 't2tsetra/t/20x20x1']",xmas,adc_ktrans_cbval_t2tsetra_20x20x1_27859,ScaleNormalization,296,20x20x1
249,,,,,,,Rigid,2019-05-03,1000,,,"['adc/t/20x20x1', 'cbval/t/20x20x1', 'ktrans/t/20x20x1']",xmass,xmas,ScaleNormalization,296,20x20x1
250,,,,,,,Rigid,2019-05-03,2000,,,"['adc/t/20x20x1', 'cbval/t/20x20x1', 'ktrans/t/20x20x1']",xmass,xmas,ScaleNormalization,296,20x20x1
251,,,,,,,Rigid,2019-05-03,1400,31616.0,,"['adc/t/20x20x1', 'cbval/t/20x20x1', 'ktrans/t/20x20x1']",xmas,adc_cbval_ktrans_20x20x1_85347,ScaleNormalization,296,20x20x1
252,0.7,0.7,0.7166666666666667,0.5333333333333333,0.5777777777777777,0.6081481481481481,Rigid,2019-05-03,1400,86928.0,,"['adc/t/20x20x1', 'cbval/t/20x20x1', 'ktrans/t/20x20x1']",xmas,adc_cbval_ktrans_20x20x1_82222,ScaleNormalization,296,20x20x1
253,0.7627118644067796,0.7457627118644068,0.7796610169491526,0.6322222222222222,0.8044444444444444,0.7677777777777778,Rigid,2019-05-03,1400,86928.0,,"['adc/t/20x20x1', 'cbval/t/20x20x1', 'ktrans/t/20x20x1']",xmas,adc_cbval_ktrans_20x20x1_39455,ScaleNormalization,296,20x20x1
254,0.6610169491525424,0.6949152542372882,0.6271186440677966,0.5451127819548872,0.6140350877192982,0.7268170426065163,Rigid,2019-05-03,1400,86928.0,,"['adc/t/20x20x1', 'cbval/t/20x20x1', 'ktrans/t/20x20x1']",xmas,adc_cbval_ktrans_20x20x1_36023,ScaleNormalization,296,20x20x1
255,0.8305084745762712,0.7627118644067796,0.8474576271186439,0.5952380952380952,0.875,0.8422619047619048,Rigid,2019-05-03,1400,86928.0,,"['adc/t/20x20x1', 'cbval/t/20x20x1', 'ktrans/t/20x20x1']",xmas,adc_cbval_ktrans_20x20x1_57992,ScaleNormalization,296,20x20x1
256,0.6779661016949152,0.6440677966101694,0.6440677966101694,0.6105072463768115,0.5984299516908214,0.5724637681159419,Rigid,2019-05-03,1400,86928.0,,"['adc/t/20x20x1', 'cbval/t/20x20x1', 'ktrans/t/20x20x1']",xmas,adc_cbval_ktrans_20x20x1_65225,ScaleNormalization,296,20x20x1
257,0.7833333333333333,0.7166666666666667,0.7833333333333333,0.6333333333333333,0.5888888888888888,0.6118518518518519,Elastic,2019-05-03,1400,83926.0,,"['adc/t/20x20x1', 'cbval/t/20x20x1', 'ktrans/t/20x20x1']",xmas,adc_cbval_ktrans_20x20x1_80653,ScaleNormalization,296,20x20x1
258,0.8135593220338984,0.7288135593220338,0.8135593220338984,0.7077777777777777,0.7488888888888888,0.7811111111111111,Elastic,2019-05-03,1400,83926.0,,"['adc/t/20x20x1', 'cbval/t/20x20x1', 'ktrans/t/20x20x1']",xmas,adc_cbval_ktrans_20x20x1_13432,ScaleNormalization,296,20x20x1
259,0.7457627118644068,0.7627118644067796,0.6949152542372882,0.6641604010025063,0.6986215538847118,0.62468671679198,Elastic,2019-05-03,1400,83926.0,,"['adc/t/20x20x1', 'cbval/t/20x20x1', 'ktrans/t/20x20x1']",xmas,adc_cbval_ktrans_20x20x1_74000,ScaleNormalization,296,20x20x1
260,0.8474576271186439,0.7796610169491526,0.8644067796610171,0.6041666666666666,0.7261904761904759,0.8571428571428572,Elastic,2019-05-03,1400,83926.0,,"['adc/t/20x20x1', 'cbval/t/20x20x1', 'ktrans/t/20x20x1']",xmas,adc_cbval_ktrans_20x20x1_83768,ScaleNormalization,296,20x20x1
261,0.5423728813559322,0.6101694915254238,0.6271186440677966,0.4601449275362319,0.5628019323671497,0.5501207729468599,Elastic,2019-05-03,1400,83926.0,,"['adc/t/20x20x1', 'cbval/t/20x20x1', 'ktrans/t/20x20x1']",xmas,adc_cbval_ktrans_20x20x1_55185,ScaleNormalization,296,20x20x1
